{
  "method": "dirichlet_weight_perturbation",
  "n": 300,
  "concentration": 300.0,
  "quantile": 0.75,
  "baseline_weights": [
    0.5,
    0.25,
    0.1,
    0.1,
    0.05,
    0.0
  ],
  "recommended_epsilon": 0.04224880701639627,
  "gap_mean": 0.03996196856082576,
  "gap_median": 0.03992575417779953,
  "gap_q25": 0.03781660587122748,
  "gap_q75": 0.04224880701639627
}