{
  "method": "dirichlet_weight_perturbation",
  "n": 500,
  "concentration": 200.0,
  "quantile": 0.75,
  "baseline_weights": [
    0.5,
    0.25,
    0.1,
    0.1,
    0.05,
    0.0
  ],
  "recommended_epsilon": 0.04278973567776734,
  "gap_mean": 0.04025949662718455,
  "gap_median": 0.03991852099052173,
  "gap_q25": 0.03745707958739963,
  "gap_q75": 0.04278973567776734
}